Company;Email;Source/Link
Meta (Facebook);privacy@facebook.com;https://www.facebook.com/legal/terms/impressum
Instagram;privacy@instagram.com;https://www.instagram.com/about/legal/impressum/
WhatsApp;privacy@whatsapp.com;https://www.whatsapp.com/legal/privacy-policy-eea
LinkedIn;privacy@linkedin.com;https://de.linkedin.com/legal/impressum
Google;dpo-google@google.com;https://about.google/intl/de/contact-google/
YouTube;dpo-google@google.com;https://www.youtube.com/t/impressum
Amazon;eu-privacy@amazon.ie;https://www.amazon.de/gp/help/customer/display.html?nodeId=201909000
Microsoft;kunden@microsoft.com;https://www.microsoft.com/de-de/about/impressum
X (Twitter);;https://help.twitter.com/forms/privacy
TikTok;privacy@tiktok.com;https://www.tiktok.com/legal/report/DPO
Snapchat;dpo@snap.com;https://snap.com/en-US/privacy/privacy-policy
Reddit;legal@reddit.com;https://www.redditinc.com/policies/privacy-policy
Reddit (EU-Vertreter);eurepresentative@reddit.com;https://www.redditinc.com/policies/privacy-policy
Spotify;privacy@spotify.com;https://www.spotify.com/de/legal/privacy-policy/
Pinterest;privacy-support@pinterest.com;https://policy.pinterest.com/de/privacy-policy
Zoom;privacy@zoom.us;https://explore.zoom.us/en/privacy/
OpenAI;privacy@openai.com;https://openai.com/policies/privacy-policy
Cloudflare (DPO);dpo@cloudflare.com;https://www.cloudflare.com/privacypolicy/
Cloudflare (allgemein);privacyquestions@cloudflare.com;https://www.cloudflare.com/privacypolicy/
GitHub;dpo@github.com;https://docs.github.com/en/site-policy/privacy-policies/github-privacy-statement